{
  "id": "1614736",
  "name": "单色社交图标",
  "font_family": "iconfont",
  "css_prefix_text": "icon-",
  "description": "",
  "glyphs": [
    {
      "icon_id": "4766454",
      "name": "book",
      "font_class": "publish",
      "unicode": "e7b3",
      "unicode_decimal": 59315
    },
    {
      "icon_id": "4766464",
      "name": "solution",
      "font_class": "resume",
      "unicode": "e7b5",
      "unicode_decimal": 59317
    },
    {
      "icon_id": "4766681",
      "name": "trophy",
      "font_class": "trophy",
      "unicode": "e7c4",
      "unicode_decimal": 59332
    },
    {
      "icon_id": "4766846",
      "name": "folder",
      "font_class": "category",
      "unicode": "e7d1",
      "unicode_decimal": 59345
    },
    {
      "icon_id": "4766883",
      "name": "camera",
      "font_class": "gallery",
      "unicode": "e7d7",
      "unicode_decimal": 59351
    },
    {
      "icon_id": "4766888",
      "name": "read",
      "font_class": "blog",
      "unicode": "e7d8",
      "unicode_decimal": 59352
    },
    {
      "icon_id": "4766957",
      "name": "wifi",
      "font_class": "rss",
      "unicode": "e7e0",
      "unicode_decimal": 59360
    },
    {
      "icon_id": "4766965",
      "name": "link",
      "font_class": "link",
      "unicode": "e7e2",
      "unicode_decimal": 59362
    },
    {
      "icon_id": "4766975",
      "name": "tags",
      "font_class": "tags",
      "unicode": "e7e5",
      "unicode_decimal": 59365
    },
    {
      "icon_id": "4936955",
      "name": "alipay",
      "font_class": "alipay",
      "unicode": "e87c",
      "unicode_decimal": 59516
    },
    {
      "icon_id": "4936957",
      "name": "zhihu",
      "font_class": "zhihu",
      "unicode": "e87d",
      "unicode_decimal": 59517
    },
    {
      "icon_id": "4936959",
      "name": "linkedin",
      "font_class": "linkedin",
      "unicode": "e87e",
      "unicode_decimal": 59518
    },
    {
      "icon_id": "4936961",
      "name": "facebook",
      "font_class": "facebook",
      "unicode": "e87f",
      "unicode_decimal": 59519
    },
    {
      "icon_id": "4936962",
      "name": "skype",
      "font_class": "skype",
      "unicode": "e880",
      "unicode_decimal": 59520
    },
    {
      "icon_id": "4936963",
      "name": "CodeSandbox",
      "font_class": "codesandbox",
      "unicode": "e881",
      "unicode_decimal": 59521
    },
    {
      "icon_id": "4936965",
      "name": "codepen",
      "font_class": "codepen",
      "unicode": "e882",
      "unicode_decimal": 59522
    },
    {
      "icon_id": "4936969",
      "name": "sketch",
      "font_class": "sketch",
      "unicode": "e883",
      "unicode_decimal": 59523
    },
    {
      "icon_id": "4936970",
      "name": "Gitlab",
      "font_class": "gitlab",
      "unicode": "e884",
      "unicode_decimal": 59524
    },
    {
      "icon_id": "4936971",
      "name": "dribbble",
      "font_class": "dribbble",
      "unicode": "e885",
      "unicode_decimal": 59525
    },
    {
      "icon_id": "4936972",
      "name": "instagram",
      "font_class": "instagram",
      "unicode": "e886",
      "unicode_decimal": 59526
    },
    {
      "icon_id": "4936973",
      "name": "reddit",
      "font_class": "reddit",
      "unicode": "e887",
      "unicode_decimal": 59527
    },
    {
      "icon_id": "4936976",
      "name": "Youtube",
      "font_class": "youtube",
      "unicode": "e888",
      "unicode_decimal": 59528
    },
    {
      "icon_id": "4936984",
      "name": "QQ",
      "font_class": "qq",
      "unicode": "e889",
      "unicode_decimal": 59529
    },
    {
      "icon_id": "4936985",
      "name": "twitter",
      "font_class": "twitter",
      "unicode": "e88a",
      "unicode_decimal": 59530
    },
    {
      "icon_id": "4936987",
      "name": "weibo",
      "font_class": "weibo",
      "unicode": "e88b",
      "unicode_decimal": 59531
    },
    {
      "icon_id": "4936991",
      "name": "wechat-fill",
      "font_class": "wechat",
      "unicode": "e88c",
      "unicode_decimal": 59532
    },
    {
      "icon_id": "4937000",
      "name": "github-fill",
      "font_class": "github",
      "unicode": "e88d",
      "unicode_decimal": 59533
    }
  ]
}
